{
  "Janvier": {
    "1": {
      "saint": "Sainte Marie, Mère de Dieu",
      "anniversaires": "Betsy Ross (1752), Verne Troyer (1969)",
      "evenement": "1801 : Début du XIXe siècle ; 2002 : Introduction officielle de l’euro dans 12 pays européens.",
      "citation": "Commencez par faire le nécessaire, puis faites ce qui est possible, et soudain vous ferez l’impossible. – Saint François d’Assise"
    },
    "2": {
      "saint": "Saint Basile",
      "anniversaires": "Isaac Asimov (1920), Kate Bosworth (1983)",
      "evenement": "1959 : L’URSS lance Luna 1, première sonde à atteindre la proximité de la Lune.",
      "citation": "La science est la poésie de la réalité. – Richard Dawkins"
    },
    "3": {
      "saint": "Sainte Geneviève",
      "anniversaires": "J.R.R. Tolkien (1892), Mel Gibson (1956)",
      "evenement": "1521 : Martin Luther excommunié par le pape Léon X.",
      "citation": "Tout ce qui est or ne brille pas. – J.R.R. Tolkien"
    },
    "4": {
      "saint": "Saint Odilon",
      "anniversaires": "Louis Braille (1809), Michael Stipe (1960)",
      "evenement": "1896 : L’Utah devient le 45e État des États-Unis.",
      "citation": "On ne voit bien qu’avec le cœur. – Antoine de Saint-Exupéry"
    },
    "5": {
      "saint": "Saint Édouard",
      "anniversaires": "Diane Keaton (1946), Robert Duvall (1931)",
      "evenement": "1914 : Première Ford T produite sur la première chaîne de montage automobile.",
      "citation": "Le meilleur moyen de se lancer, c’est d’arrêter de parler et commencer à agir. – Walt Disney"
    },
    "6": {
      "saint": "Épiphanie",
      "anniversaires": "Rowan Atkinson (1955), Nigella Lawson (1960)",
      "evenement": "1838 : Samuel Morse fait la première démonstration du télégraphe.",
      "citation": "L’humour est le plus court chemin d’un homme à un autre. – Georges Wolinski"
    },
    "7": {
      "saint": "Saint Raymond",
      "anniversaires": "Nicolas Cage (1964), Lewis Hamilton (1985)",
      "evenement": "1785 : Première traversée de la Manche en ballon à gaz.",
      "citation": "Celui qui déplace la montagne, c’est celui qui commence par enlever les petites pierres. – Confucius"
    },
    "8": {
      "saint": "Saint Lucien",
      "anniversaires": "David Bowie (1947), Elvis Presley (1935)",
      "evenement": "1982 : L’AT&T est démantelée aux États-Unis (fin du monopole téléphonique).",
      "citation": "La musique peut changer le monde parce qu’elle peut changer les gens. – Bono"
    },
    "9": {
      "saint": "Saint Alix",
      "anniversaires": "Richard Nixon (1913), Catherine, duchesse de Cambridge (1982)",
      "evenement": "2007 : L’iPhone d’Apple est présenté pour la première fois.",
      "citation": "L’innovation distingue entre un leader et un suiveur. – Steve Jobs"
    },
    "10": {
      "saint": "Saint Guillaume",
      "anniversaires": "Rod Stewart (1945), George Foreman (1949)",
      "evenement": "1929 : Première apparition de Tintin dans Le Petit Vingtième.",
      "citation": "Il n’y a pas de hasard, il n’y a que des rendez-vous. – Paul Éluard"
    },
    "11": {
      "saint": "Saint Paulin",
      "anniversaires": "Mary J. Blige (1971), Jean-Pierre Jeunet (1953)",
      "evenement": "1922 : Première utilisation de l’insuline pour traiter le diabète.",
      "citation": "Rien n’est impossible à celui qui croit. – Marc 9:23"
    },
    "12": {
      "saint": "Sainte Tatiana",
      "anniversaires": "Jeff Bezos (1964), Howard Stern (1954)",
      "evenement": "1969 : Lancement de la série télévisée Mission impossible en France.",
      "citation": "Le succès n’est pas la clé du bonheur. Le bonheur est la clé du succès. – Albert Schweitzer"
    },
    "13": {
      "saint": "Sainte Yvette",
      "anniversaires": "Orlando Bloom (1977), Julia Louis-Dreyfus (1961)",
      "evenement": "1898 : Émile Zola publie « J’accuse…! » dans L’Aurore.",
      "citation": "Le courage, c’est de chercher la vérité et de la dire. – Jean Jaurès"
    },
    "14": {
      "saint": "Sainte Nina",
      "anniversaires": "Albert Schweitzer (1875), LL Cool J (1968)",
      "evenement": "1639 : Première Constitution écrite dans le Connecticut.",
      "citation": "La vie devient belle quand on choisit de l’être. – Albert Schweitzer"
    },
    "15": {
      "saint": "Saint Rémi",
      "anniversaires": "Martin Luther King Jr. (1929), Pitbull (1981)",
      "evenement": "2001 : Wikipédia est créée par Jimmy Wales et Larry Sanger.",
      "citation": "La plus grande gloire n’est pas de ne jamais tomber, mais de se relever à chaque chute. – Confucius"
    },
    "16": {
      "saint": "Saint Marcel",
      "anniversaires": "Kate Moss (1974), John Carpenter (1948)",
      "evenement": "1979 : Dernier vol du Concorde entre Paris et Dakar.",
      "citation": "Le futur appartient à ceux qui croient à la beauté de leurs rêves. – Eleanor Roosevelt"
    },
    "17": {
      "saint": "Saint Antoine",
      "anniversaires": "Michelle Obama (1964), Jim Carrey (1962)",
      "evenement": "1966 : Premier vol d’un Boeing 747.",
      "citation": "Le plus grand risque est de ne prendre aucun risque. – Mark Zuckerberg"
    },
    "18": {
      "saint": "Sainte Prisca",
      "anniversaires": "Kevin Costner (1955), Gilles Villeneuve (1950)",
      "evenement": "1911 : Premier atterrissage d’un avion sur un navire.",
      "citation": "Un voyage de mille lieues commence toujours par un premier pas. – Lao Tseu"
    },
    "19": {
      "saint": "Saint Marius",
      "anniversaires": "Dolly Parton (1946), Jean-François Copé (1964)",
      "evenement": "1915 : Première utilisation des gaz asphyxiants pendant la Première Guerre mondiale.",
      "citation": "On ne fait pas d’omelette sans casser des œufs. – Proverbe français"
    },
    "20": {
      "saint": "Saint Sébastien",
      "anniversaires": "David Lynch (1946), Omar Sy (1978)",
      "evenement": "1945 : Libération du camp d’Auschwitz.",
      "citation": "N’oubliez pas d’aimer. – Victor Hugo"
    },
    "21": {
      "saint": "Sainte Agnès",
      "anniversaires": "Plácido Domingo (1941), Geena Davis (1956)",
      "evenement": "1793 : Exécution de Louis XVI à Paris.",
      "citation": "Liberté, égalité, fraternité. – Devise française"
    },
    "22": {
      "saint": "Saint Vincent",
      "anniversaires": "Francis Bacon (1561), Guy Fieri (1968)",
      "evenement": "1970 : Premier vol commercial du Boeing 747.",
      "citation": "Il n’y a pas de réussite sans échec. – Malcolm Forbes"
    },
    "23": {
      "saint": "Saint Barnard",
      "anniversaires": "Django Reinhardt (1910), Arjen Robben (1984)",
      "evenement": "1556 : Séisme de Shaanxi en Chine, le plus meurtrier de l’histoire.",
      "citation": "La musique exprime ce qui ne peut être dit et sur quoi il est impossible de rester silencieux. – Victor Hugo"
    },
    "24": {
      "saint": "Saint François de Sales",
      "anniversaires": "Neil Diamond (1941), Nastassja Kinski (1961)",
      "evenement": "1966 : Indira Gandhi devient Premier ministre de l’Inde.",
      "citation": "Croyez en vous et tout devient possible."
    },
    "25": {
      "saint": "Conversion de Saint Paul",
      "anniversaires": "Alicia Keys (1981), Virginia Woolf (1882)",
      "evenement": "1924 : Premier Jeux olympiques d’hiver à Chamonix.",
      "citation": "Qui veut, peut. – Proverbe latin"
    },
    "26": {
      "saint": "Sainte Paule",
      "anniversaires": "Ellen DeGeneres (1958), Paul Newman (1925)",
      "evenement": "1950 : La Constitution indienne entre en vigueur.",
      "citation": "Soyez le changement que vous voulez voir dans le monde. – Gandhi"
    },
    "27": {
      "saint": "Sainte Angèle",
      "anniversaires": "Wolfgang Amadeus Mozart (1756), Bridget Fonda (1964)",
      "evenement": "1945 : Libération du camp d’Auschwitz par l’Armée rouge.",
      "citation": "Sans la musique, la vie serait une erreur. – Nietzsche"
    },
    "28": {
      "saint": "Saint Thomas d’Aquin",
      "anniversaires": "Nicolas Sarkozy (1955), Elijah Wood (1981)",
      "evenement": "1986 : Explosion de la navette spatiale Challenger.",
      "citation": "La vie, c’est comme une bicyclette, il faut avancer pour ne pas perdre l’équilibre. – Albert Einstein"
    },
    "29": {
      "saint": "Saint Gildas",
      "anniversaires": "Oprah Winfrey (1954), Tom Selleck (1945)",
      "evenement": "1959 : Disney sort La Belle au bois dormant.",
      "citation": "Le bonheur n’est réel que lorsqu’il est partagé. – Into the Wild"
    },
    "30": {
      "saint": "Sainte Martine",
      "anniversaires": "Christian Bale (1974), Gene Hackman (1930)",
      "evenement": "1948 : Assassinat de Gandhi à New Delhi.",
      "citation": "La paix commence avec un sourire. – Mère Teresa"
    },
    "31": {
      "saint": "Sainte Marcelle",
      "anniversaires": "Justin Timberlake (1981), Franz Schubert (1797)",
      "evenement": "1958 : Lancement du premier satellite américain, Explorer 1.",
      "citation": "Il n’y a pas de réussite facile ni d’échecs définitifs. – Marcel Proust"
    }
  }
}